Timestamp,Milliseconds,X,Y,Z
2018-09-15 19:27:24,1,0.2709198,-0.0753479,-0.18804932
2018-09-15 19:27:24,12,0.24342346,-0.29159546,-0.10559082
2018-09-15 19:27:24,22,0.22387695,-0.41314697,-0.027389526
2018-09-15 19:27:24,31,0.19577026,-0.5420532,0.048950195
2018-09-15 19:27:24,41,0.19577026,-0.5420532,0.048950195
2018-09-15 19:27:24,52,0.19577026,-0.5420532,0.048950195
2018-09-15 19:27:24,61,0.19577026,-0.5420532,0.048950195
2018-09-15 19:27:24,71,0.33016968,-0.58236694,-0.0047912598
2018-09-15 19:27:24,81,0.48410034,-0.6581116,-0.16362
2018-09-15 19:27:24,92,0.5567932,-0.765625,-0.2802887
2018-09-15 19:27:24,101,0.6319275,-0.9061279,-0.3988037
2018-09-15 19:27:24,111,0.66186523,-1.0270844,-0.44828796
2018-09-15 19:27:24,121,0.7076874,-1.2176666,-0.46539307
2018-09-15 19:27:24,132,0.73883057,-1.2243958,-0.42018127
2018-09-15 19:27:24,141,0.7321167,-1.1956787,-0.36032104
2018-09-15 19:27:25,151,0.70280457,-1.1101532,-0.30778503
2018-09-15 19:27:25,162,0.5848999,-0.78456116,-0.21859741
2018-09-15 19:27:25,171,0.5592499,-0.73080444,-0.20698547
2018-09-15 19:27:25,181,0.381485,-0.46446228,-0.16117859
2018-09-15 19:27:25,191,0.275177,-0.37345886,-0.14529419
2018-09-15 19:27:25,201,0.20921326,-0.36123657,-0.13002014
2018-09-15 19:27:25,211,0.1279602,-0.39788818,-0.10925293
2018-09-15 19:27:25,221,0.1108551,-0.41314697,-0.1025238
2018-09-15 19:27:25,231,0.012512207,-0.50845337,-0.087265015
2018-09-15 19:27:25,241,0.0063934326,-0.4528656,-0.1000824
2018-09-15 19:27:25,251,0.032669067,-0.37895203,-0.10681152
2018-09-15 19:27:25,261,0.087646484,-0.339859,-0.09458923
2018-09-15 19:27:25,272,0.17256165,-0.30747986,-0.06587219
2018-09-15 19:27:25,281,0.26358032,-0.2922058,-0.02861023
2018-09-15 19:27:25,291,0.3387146,-0.39971924,0.01109314
2018-09-15 19:27:25,302,0.40896606,-0.55548096,0.036743164
2018-09-15 19:27:25,316,0.4517212,-0.95622253,-0.119628906
2018-09-15 19:27:25,321,0.44744873,-1.0875549,-0.19844055
2018-09-15 19:27:25,331,0.4724884,-1.2152252,-0.29067993
2018-09-15 19:27:25,341,0.5384674,-1.3074646,-0.34687805
2018-09-15 19:27:25,351,0.6056671,-1.3581848,-0.3438263
2018-09-15 19:27:25,361,0.6429291,-1.3361816,-0.31388855
2018-09-15 19:27:25,371,0.654541,-1.3117523,-0.2937317
2018-09-15 19:27:25,381,0.58917236,-1.1767426,-0.26930237
2018-09-15 19:27:25,391,0.559845,-1.1058807,-0.25097656
2018-09-15 19:27:25,402,0.49266052,-1.024643,-0.2320404
2018-09-15 19:27:25,411,0.39613342,-0.94033813,-0.23997498
2018-09-15 19:27:25,421,0.17012024,-0.8328247,-0.30351257
2018-09-15 19:27:25,431,0.035110474,-0.6904907,-0.3096161
2018-09-15 19:27:25,442,-0.1065979,-0.56648254,-0.1648407
2018-09-15 19:27:25,451,-0.16279602,-0.39971924,0.04711914
2018-09-15 19:27:25,461,-0.2220459,-0.30625916,0.18701172
2018-09-15 19:27:25,472,-0.31123352,-0.29647827,0.2645874
2018-09-15 19:27:25,481,-0.27764893,-0.336792,0.29086304
2018-09-15 19:27:25,491,-0.21838379,-0.35328674,0.28720093
2018-09-15 19:27:25,501,-0.18295288,-0.26411438,0.23588562
2018-09-15 19:27:25,512,-0.16889954,-0.10223389,0.1503601
2018-09-15 19:27:25,521,-0.17623901,-0.049072266,0.11187744
2018-09-15 19:27:25,531,-0.19517517,-0.05091858,0.08621216
2018-09-15 19:27:25,541,-0.18540955,-0.26411438,0.12532043
2018-09-15 19:27:25,552,-0.14324951,-0.58602905,0.21572876
2018-09-15 19:27:25,561,-0.07299805,-1.1468048,0.30430603
2018-09-15 19:27:25,571,0.012512207,-1.7796631,0.4093628
2018-09-15 19:27:25,581,0.04977417,-2.0276794,0.44908142
2018-09-15 19:27:25,591,0.5323639,-4.1840515,0.8430939
2018-09-15 19:27:25,601,0.91293335,-5.4919434,1.0575104
2018-09-15 19:27:25,611,1.3710938,-6.8822784,1.2242737
2018-09-15 19:27:25,624,2.066864,-8.574997,1.4337921
2018-09-15 19:27:25,631,2.3527527,-9.185257,1.5309296
2018-09-15 19:27:25,642,3.0118866,-10.519394,1.7624512
2018-09-15 19:27:25,651,3.4657593,-11.457092,1.9646454
2018-09-15 19:27:25,661,3.7198792,-12.060013,2.143631
2018-09-15 19:27:25,671,3.6307068,-11.991592,2.3610992
2018-09-15 19:27:25,682,2.7406616,-10.25795,2.646988
2018-09-15 19:27:25,691,1.641098,-7.8859253,2.6427155
2018-09-15 19:27:25,701,-1.2751923,-0.8511505,2.1008606
2018-09-15 19:27:25,711,-2.647812,2.9515076,1.6195068
2018-09-15 19:27:25,722,-4.0454865,7.2758636,1.0428467
2018-09-15 19:27:25,731,-5.735153,10.378479,0.5718689
2018-09-15 19:27:25,742,-6.5354004,11.53363,0.33851624
2018-09-15 19:27:25,751,-6.6850586,11.895264,0.28598022
2018-09-15 19:27:25,761,-6.3643494,13.623413,0.25543213
2018-09-15 19:27:25,771,-5.9593506,13.801788,0.3256836
2018-09-15 19:27:25,782,-2.7315063,11.507355,0.4973297
2018-09-15 19:27:25,791,-1.4309692,9.130463,0.47106934
2018-09-15 19:27:25,801,0.41079712,4.5666504,0.37454224
2018-09-15 19:27:25,811,2.1578827,-1.0032501,0.17723083
2018-09-15 19:27:25,821,3.5525055,-7.104019,0.031234741
2018-09-15 19:27:25,831,3.997223,-9.87616,0.33239746
2018-09-15 19:27:25,842,4.1083984,-10.684937,0.65615845
2018-09-15 19:27:25,852,3.917801,-10.038635,1.1650085
2018-09-15 19:27:25,861,3.6313019,-9.193192,1.287796
2018-09-15 19:27:25,872,2.9758453,-7.4265594,1.2132721
2018-09-15 19:27:25,881,1.9911194,-4.315399,0.94692993
2018-09-15 19:27:25,891,1.1530151,-1.4412537,0.730072
2018-09-15 19:27:25,902,-0.2574768,3.3180237,0.12532043
2018-09-15 19:27:25,911,-0.730896,5.026642,-0.12025452
2018-09-15 19:27:25,921,-1.1383514,6.952713,-0.3120575
2018-09-15 19:27:25,931,-1.2880249,7.4743805,-0.37252808
2018-09-15 19:27:25,942,-1.1908875,6.984482,-0.34321594
2018-09-15 19:27:25,951,-0.96487427,4.7053223,-0.20393372
2018-09-15 19:27:25,961,-0.5934601,0.9411316,-0.07260132
2018-09-15 19:27:25,971,0.083984375,-3.2714233,0.09477234
2018-09-15 19:27:25,982,1.2281342,-7.798584,0.35316467
2018-09-15 19:27:25,991,2.1792755,-10.075912,0.5761261
2018-09-15 19:27:25,1001,2.8151855,-10.863922,0.7661133
2018-09-15 19:27:25,1011,3.5317383,-10.158981,0.94143677
2018-09-15 19:27:25,1022,3.1407776,-7.066147,0.84980774
2018-09-15 19:27:25,1031,2.342987,-3.267746,0.8834076
2018-09-15 19:27:25,1041,1.783432,-0.44735718,0.85469055
2018-09-15 19:27:25,1051,0.34666443,6.5556335,0.38432312
2018-09-15 19:27:25,1061,-0.24771118,9.596558,0.14486694
2018-09-15 19:27:25,1072,-0.47373962,10.208038,-0.08970642
2018-09-15 19:27:25,1081,-0.6166687,9.680252,-0.39575195
2018-09-15 19:27:25,1091,-0.88301086,8.396194,-0.7170563
2018-09-15 19:27:25,1101,-1.3601074,5.8775787,-1.0493774
2018-09-15 19:27:25,1111,-1.7840576,3.0736847,-1.3370972
2018-09-15 19:27:25,1121,-2.0112915,-3.0985413,-1.6559753
2018-09-15 19:27:25,1131,-1.5458069,-6.297058,-1.38414
2018-09-15 19:27:25,1141,-0.9178314,-7.8877716,-0.9210968
2018-09-15 19:27:26,1151,0.21287537,-8.526749,-0.18682861
2018-09-15 19:27:26,1161,1.430954,-6.083267,0.6885376
2018-09-15 19:27:26,1171,1.7779236,-2.209732,1.3513184
2018-09-15 19:27:26,1182,1.7534943,1.7865753,1.6921997
2018-09-15 19:27:26,1191,1.5855103,4.8623047,1.88768
2018-09-15 19:27:26,1201,1.4144592,6.439575,1.9518127
2018-09-15 19:27:26,1211,0.9184418,8.420013,1.6653137
2018-09-15 19:27:26,1221,0.470047,9.396194,1.3275146
2018-09-15 19:27:26,1232,0.107803345,9.63382,1.025116
2018-09-15 19:27:26,1241,-0.34361267,9.264847,0.5901947
2018-09-15 19:27:26,1252,-0.77305603,7.0822144,0.11003113
2018-09-15 19:27:26,1261,-0.89645386,4.307022,-0.18927002
2018-09-15 19:27:26,1272,-0.6007843,-2.0227966,-0.5631256
2018-09-15 19:27:26,1281,0.08459473,-7.1779327,-0.5722809
2018-09-15 19:27:26,1291,0.9049988,-11.211517,-0.27540588
2018-09-15 19:27:26,1301,1.5964966,-13.183411,0.042236328
2018-09-15 19:27:26,1311,2.6136017,-14.5004425,0.49427795
2018-09-15 19:27:26,1321,3.7675323,-13.276871,0.66716003
2018-09-15 19:27:26,1331,3.2568512,-8.675186,0.3330078
2018-09-15 19:27:26,1342,2.27211,-3.4736176,0.105148315
2018-09-15 19:27:26,1351,0.6624756,3.6650085,-0.22592163
2018-09-15 19:27:26,1361,-0.84147644,10.314331,-0.23875427
2018-09-15 19:27:26,1371,-1.3656006,12.724213,-0.02128601
2018-09-15 19:27:26,1382,-1.4566193,12.934967,0.22061157
2018-09-15 19:27:26,1391,-1.057724,11.209869,0.45518494
2018-09-15 19:27:26,1401,-0.48106384,6.0980988,0.5449829
2018-09-15 19:27:26,1412,-0.14019775,1.8446198,0.42463684
2018-09-15 19:27:26,1421,0.5054779,-4.0026245,0.25909424
2018-09-15 19:27:26,1432,1.7259979,-9.446091,0.43441772
2018-09-15 19:27:26,1441,2.8927612,-11.672104,0.77467346
2018-09-15 19:27:26,1451,4.021652,-12.165695,1.1558533
2018-09-15 19:27:26,1461,4.631302,-11.299469,1.2560425
2018-09-15 19:27:26,1472,4.1664276,-6.1571655,1.1576843
2018-09-15 19:27:26,1481,3.1572723,-1.4033813,1.2261047
2018-09-15 19:27:26,1491,1.3099976,6.5006714,0.88523865
2018-09-15 19:27:26,1501,0.473114,9.393753,0.7991028
2018-09-15 19:27:26,1511,-0.088272095,10.373581,0.72457886
2018-09-15 19:27:26,1521,-0.4376831,9.729721,0.5474243
2018-09-15 19:27:26,1531,-0.6227875,8.478668,0.35560608
2018-09-15 19:27:26,1541,-0.91233826,6.1243744,-5.187988E-4
2018-09-15 19:27:26,1552,-1.1023102,4.5385437,-0.25585938
2018-09-15 19:27:26,1561,-1.523819,-1.2628784,-1.2045441
2018-09-15 19:27:26,1571,-1.3784332,-4.6379395,-1.5539551
2018-09-15 19:27:26,1581,-0.6392822,-7.834015,-1.5576324
2018-09-15 19:27:26,1592,-0.13224792,-8.459549,-1.2980042
2018-09-15 19:27:26,1601,0.62216187,-7.7148895,-0.77326965
2018-09-15 19:27:26,1611,1.3002319,-5.072876,0.008041382
2018-09-15 19:27:26,1621,1.8365631,-1.2616577,0.8974457
2018-09-15 19:27:26,1632,2.2947235,3.109726,1.8137512
2018-09-15 19:27:26,1641,2.4285126,5.479889,2.2322083
2018-09-15 19:27:26,1651,2.3943024,6.503723,2.285965
2018-09-15 19:27:26,1661,2.2782288,6.205612,2.0611572
2018-09-15 19:27:26,1672,1.7162323,3.9643402,1.1668549
2018-09-15 19:27:26,1681,1.4114075,3.0681763,0.8039856
2018-09-15 19:27:26,1691,0.39491272,0.18914795,-0.24607849
2018-09-15 19:27:26,1702,-0.18722534,-1.533493,-0.83496094
2018-09-15 19:27:26,1711,-0.57696533,-2.9806366,-1.1898804
2018-09-15 19:27:26,1722,-0.7681732,-4.148636,-1.3596954
2018-09-15 19:27:26,1731,-0.6472168,-4.8755646,-1.3059387
2018-09-15 19:27:26,1741,-0.3063507,-5.2567444,-1.0964203
2018-09-15 19:27:26,1752,0.94104004,-4.8700714,-0.3597107
2018-09-15 19:27:26,1761,1.9691315,-3.2530975,0.33361816
2018-09-15 19:27:26,1771,2.6233673,-1.8444214,0.8357544
2018-09-15 19:27:26,1782,3.2171478,-0.37405396,1.3678284
2018-09-15 19:27:26,1791,3.4901886,0.4713745,1.601181
2018-09-15 19:27:26,1801,3.6319275,1.3766785,1.6451569
2018-09-15 19:27:26,1811,3.2403564,1.5422211,1.365387
2018-09-15 19:27:26,1821,2.3539734,1.5868225,0.87545776
2018-09-15 19:27:26,1831,1.4730988,1.657074,0.41731262
2018-09-15 19:27:26,1841,0.0063934326,2.074295,-0.2766266
2018-09-15 19:27:26,1851,-2.371704,3.982666,-1.4256744
2018-09-15 19:27:26,1862,-3.4517212,5.206848,-1.9772949
2018-09-15 19:27:26,1871,-4.593445,6.6588745,-2.5582275
2018-09-15 19:27:26,1881,-5.198822,7.3015137,-2.8209076
2018-09-15 19:27:26,1891,-4.7626495,6.3283997,-2.5563965
2018-09-15 19:27:26,1902,-3.3588715,3.6753845,-1.8490143
2018-09-15 19:27:26,1911,-1.6838684,0.8366699,-1.0652618
2018-09-15 19:27:26,1921,0.99050903,-3.1846771,0.19189453
2018-09-15 19:27:26,1931,4.1682587,-7.2029877,1.782608
2018-09-15 19:27:26,1942,6.070511,-8.943344,2.7062378
2018-09-15 19:27:26,1951,7.2140656,-9.019104,3.172943
2018-09-15 19:27:26,1961,7.148697,-7.317215,2.970749
2018-09-15 19:27:26,1971,5.7388153,-4.286682,2.4973297
2018-09-15 19:27:26,1981,3.2421875,0.20503235,1.6005707
2018-09-15 19:27:26,1992,1.405899,2.9728851,0.8076477
2018-09-15 19:27:26,2001,0.2037201,4.2673187,0.25482178
2018-09-15 19:27:26,2011,-1.0565033,5.129257,-0.43789673
2018-09-15 19:27:26,2021,-1.8237457,5.5654144,-1.0609894
2018-09-15 19:27:26,2032,-2.5586243,6.3723755,-1.9620209
2018-09-15 19:27:26,2041,-2.9624176,6.881241,-2.3584747
2018-09-15 19:27:26,2051,-3.4492798,7.298462,-2.6651306
2018-09-15 19:27:26,2061,-3.4694366,6.889786,-2.5857239
2018-09-15 19:27:26,2072,-2.6930237,4.9038544,-2.0738068
2018-09-15 19:27:26,2081,-1.5702515,2.3406372,-1.4159088
2018-09-15 19:27:26,2091,1.6288757,-3.5890656,0.5712433
2018-09-15 19:27:26,2101,3.5354004,-6.8602753,1.8510284
2018-09-15 19:27:26,2112,4.5885468,-8.41922,2.5522919
2018-09-15 19:27:26,2121,5.460861,-9.357529,3.1039124
2018-09-15 19:27:26,2131,5.7754517,-9.358749,3.1998138
2018-09-15 19:27:26,2141,5.039978,-7.94458,2.621933
2018-09-15 19:27:27,2151,4.217743,-6.3447113,2.2688599
2018-09-15 19:27:27,2161,1.2544098,0.74687195,1.0648346
2018-09-15 19:27:27,2171,-0.59529114,5.517166,-0.16911316
2018-09-15 19:27:27,2182,-1.420578,7.539139,-0.9320984
2018-09-15 19:27:27,2191,-1.7993164,7.9398804,-1.5826721
2018-09-15 19:27:27,2201,-2.0357208,7.1048126,-2.1898804
2018-09-15 19:27:27,2211,-2.3203888,5.432251,-2.7304993
2018-09-15 19:27:27,2221,-2.5671844,2.602707,-3.1312256
2018-09-15 19:27:27,2231,-2.276413,-0.95500183,-3.1513824
2018-09-15 19:27:27,2242,-1.2477112,-4.5841827,-2.677353
2018-09-15 19:27:27,2254,0.014343262,-7.042938,-1.9253693
2018-09-15 19:27:27,2261,2.1383362,-9.282394,-0.5631256
2018-09-15 19:27:27,2271,4.72966,-9.973282,1.2126617
2018-09-15 19:27:27,2282,5.9000854,-8.462601,2.155838
2018-09-15 19:27:27,2291,5.672226,-4.998352,2.5914001
2018-09-15 19:27:27,2301,4.5476074,-0.74668884,2.4649506
2018-09-15 19:27:27,2311,2.8811646,3.2740479,1.6451569
2018-09-15 19:27:27,2321,1.7321167,4.7462463,0.87789917
2018-09-15 19:27:27,2332,0.7418976,4.7095947,-0.050613403
2018-09-15 19:27:27,2341,-0.22816467,3.5904846,-1.1257324
2018-09-15 19:27:27,2351,-1.5244293,2.0749054,-2.4287262
2018-09-15 19:27:27,2361,-2.5433655,1.3265839,-3.2411804
2018-09-15 19:27:27,2371,-3.2281494,0.8922577,-3.6333618
2018-09-15 19:27:27,2381,-3.730896,0.45059204,-3.7634735
2018-09-15 19:27:27,2392,-3.3356628,-0.4858551,-3.252182
2018-09-15 19:27:27,2401,-2.1670685,-1.8083954,-2.289444
2018-09-15 19:27:27,2411,-0.32589722,-3.2023926,-0.87771606
2018-09-15 19:27:27,2421,1.6850739,-4.0362244,0.5895691
2018-09-15 19:27:27,2431,3.233017,-4.072891,1.7832184
2018-09-15 19:27:27,2441,3.9281921,-3.581131,2.4020233
2018-09-15 19:27:27,2451,4.2183533,-1.9653778,2.6787567
2018-09-15 19:27:27,2461,3.647812,-0.89024353,2.113083
2018-09-15 19:27:27,2472,2.6606293,0.063308716,1.2432098
2018-09-15 19:27:27,2481,1.7388306,0.46525574,0.46800232
2018-09-15 19:27:27,2491,0.3998108,0.7535858,-0.5289154
2018-09-15 19:27:27,2501,-1.7473907,1.1347809,-2.0286102
2018-09-15 19:27:27,2512,-2.7553406,1.3033752,-2.6907806
2018-09-15 19:27:27,2521,-3.850006,1.3076477,-3.304718
2018-09-15 19:27:27,2531,-4.5152435,1.1213379,-3.6290894
2018-09-15 19:27:27,2541,-4.6740723,0.4078369,-3.6077118
2018-09-15 19:27:27,2552,-3.5366364,-1.6373444,-2.7329407
2018-09-15 19:27:27,2561,-3.1725616,-2.035019,-2.4733124
2018-09-15 19:27:27,2571,-0.16767883,-3.9366608,-0.37252808
2018-09-15 19:27:27,2581,1.9941864,-4.2836304,1.0660553
2018-09-15 19:27:27,2592,3.59404,-3.8309784,2.1515808
2018-09-15 19:27:27,2601,4.114502,-3.3343506,2.535202
2018-09-15 19:27:27,2611,4.565338,-1.8260956,2.8546906
2018-09-15 19:27:27,2621,3.7821808,-0.5328827,1.9481506
2018-09-15 19:27:27,2631,2.6154327,-0.2066803,0.990921
2018-09-15 19:27:27,2641,2.2739563,-0.1932373,0.72702026
2018-09-15 19:27:27,2652,-0.16889954,-0.2616577,-0.8068695
2018-09-15 19:27:27,2661,-1.7608337,-0.1920166,-1.7366028
2018-09-15 19:27:27,2671,-3.2654114,0.28567505,-2.6718597
2018-09-15 19:27:27,2681,-4.117569,0.7389374,-3.199646
2018-09-15 19:27:27,2691,-4.515869,0.8843231,-3.4531555
2018-09-15 19:27:27,2701,-4.501816,0.28077698,-3.3407593
2018-09-15 19:27:27,2711,-4.190872,-0.1572113,-3.0903015
2018-09-15 19:27:27,2721,-2.689972,-1.5512085,-1.9913483
2018-09-15 19:27:27,2731,-1.3362885,-2.3661041,-1.0151672
2018-09-15 19:27:27,2741,1.237915,-3.116867,0.6567688
2018-09-15 19:27:27,2751,2.8878784,-3.124817,1.6292725
2018-09-15 19:27:27,2761,3.9288025,-2.2530975,2.287796
2018-09-15 19:27:27,2772,3.9917145,-1.23172,2.1992188
2018-09-15 19:27:27,2781,3.5189056,-0.4846344,1.5810242
2018-09-15 19:27:27,2791,2.4944763,-0.207901,0.76123047
2018-09-15 19:27:27,2801,1.2916718,-0.2543335,-0.034118652
2018-09-15 19:27:27,2811,-0.12858582,-0.42658997,-0.8490143
2018-09-15 19:27:27,2821,-1.8036041,-0.2897644,-1.7048492
2018-09-15 19:27:27,2832,-2.7266235,0.12806702,-2.2430115
2018-09-15 19:27:27,2841,-3.2825165,0.46281433,-2.6187134
2018-09-15 19:27:27,2851,-3.9691315,0.64486694,-3.0841827
2018-09-15 19:27:27,2861,-4.3655853,0.5068054,-3.2747803
2018-09-15 19:27:27,2871,-4.1847687,-0.16758728,-3.0127258
2018-09-15 19:27:27,2881,-3.3796387,-1.0014343,-2.365799
2018-09-15 19:27:27,2891,-1.9728088,-1.8377075,-1.3175507
2018-09-15 19:27:27,2901,-0.6172943,-2.284256,-0.39575195
2018-09-15 19:27:27,2912,2.0375519,-2.6611633,1.1857758
2018-09-15 19:27:27,2921,3.199417,-2.55365,1.8210907
2018-09-15 19:27:27,2931,3.6740723,-2.1712494,2.0904846
2018-09-15 19:27:27,2941,3.7986908,-1.6434479,2.1094208
2018-09-15 19:27:27,2951,3.2293549,-0.93055725,1.5327606
2018-09-15 19:27:27,2961,1.9031525,-0.6935425,0.60484314
2018-09-15 19:27:27,2971,0.5836792,-0.6911011,-0.20393372
2018-09-15 19:27:27,2982,-0.8286438,-0.55244446,-0.99134827
2018-09-15 19:27:27,2991,-1.7919922,-0.34901428,-1.5173187
2018-09-15 19:27:27,3001,-3.1841583,0.24046326,-2.326706
2018-09-15 19:27:27,3011,-3.7516632,0.7120514,-2.574112
2018-09-15 19:27:27,3021,-4.268448,1.3113251,-2.8300629
2018-09-15 19:27:27,3032,-4.539688,1.1366119,-2.941864
2018-09-15 19:27:27,3041,-4.353363,0.042541504,-2.6822357
2018-09-15 19:27:27,3051,-3.0540466,-1.8664246,-1.7402802
2018-09-15 19:27:27,3061,-1.1603546,-3.2720337,-0.53440857
2018-09-15 19:27:27,3071,0.5421448,-3.9091644,0.4496765
2018-09-15 19:27:27,3082,3.4645386,-3.979416,1.921875
2018-09-15 19:27:27,3091,4.4541473,-3.0496826,2.460678
2018-09-15 19:27:27,3101,4.682007,-1.9904175,2.5498505
2018-09-15 19:27:27,3111,4.3374786,-0.67948914,2.182724
2018-09-15 19:27:27,3121,3.3368683,0.074920654,1.4551849
2018-09-15 19:27:27,3131,1.3894196,0.622879,0.5816345
2018-09-15 19:27:27,3141,-0.013137817,0.82141113,0.06300354
2018-09-15 19:27:28,3151,-0.89767456,0.43777466,-0.3914795
2018-09-15 19:27:28,3162,-1.9440918,-0.36001587,-1.2338715
2018-09-15 19:27:28,3171,-3.163391,-0.33374023,-2.0493774
2018-09-15 19:27:28,3181,-4.7913666,0.97351074,-2.6718597
2018-09-15 19:27:28,3191,-5.6813965,1.9313507,-3.0426483
2018-09-15 19:27:28,3201,-5.885437,1.9393005,-3.1269531
2018-09-15 19:27:28,3211,-5.5360107,1.3834076,-2.8380127
2018-09-15 19:27:28,3221,-3.1737823,-0.88046265,-1.2986145
2018-09-15 19:27:28,3232,-0.5061035,-2.6568756,0.1320343
2018-09-15 19:27:28,3241,1.6099396,-3.5597534,1.1937256
2018-09-15 19:27:28,3251,3.8542786,-3.981247,2.245636
2018-09-15 19:27:28,3261,4.875656,-3.6526031,2.8033752
2018-09-15 19:27:28,3271,5.187195,-1.258606,3.270691
2018-09-15 19:27:28,3281,4.7968445,0.270401,3.132019
2018-09-15 19:27:28,3292,3.443161,1.2936096,1.8833923
2018-09-15 19:27:28,3301,2.3973389,1.0975189,1.1271362
2018-09-15 19:27:28,3311,1.0754242,0.8183441,0.3818817
2018-09-15 19:27:28,3321,-1.320404,0.56544495,-0.7714386
2018-09-15 19:27:28,3331,-3.1957703,0.9496765,-1.6767426
2018-09-15 19:27:28,3341,-3.7644806,1.2386322,-1.9589691
2018-09-15 19:27:28,3351,-5.022873,1.8165131,-2.5783997
2018-09-15 19:27:28,3361,-5.7644806,1.424942,-2.7750854
2018-09-15 19:27:28,3371,-5.634964,0.14149475,-2.4195557
2018-09-15 19:27:28,3381,-4.5231934,-1.763794,-1.5252533
2018-09-15 19:27:28,3393,-0.7364044,-3.596405,0.6543274
2018-09-15 19:27:28,3401,0.02168274,-3.881073,1.0177917
2018-09-15 19:27:28,3411,3.9245148,-4.421692,2.4496765
2018-09-15 19:27:28,3421,4.8609924,-3.5750275,2.8565063
2018-09-15 19:27:28,3431,5.2171326,-1.2402802,3.1601257
2018-09-15 19:27:28,3441,5.007599,1.7688599,2.5162659
2018-09-15 19:27:28,3451,4.446823,2.3601837,1.8644714
2018-09-15 19:27:28,3462,3.1401672,2.2874908,1.0245209
2018-09-15 19:27:28,3471,1.4236298,1.7126617,0.25177002
2018-09-15 19:27:28,3481,-0.4670105,1.1066742,-0.4806671
2018-09-15 19:27:28,3491,-2.2208252,0.82263184,-1.1135254
2018-09-15 19:27:28,3501,-3.5934448,0.81285095,-1.5716705
2018-09-15 19:27:28,3512,-4.619095,0.8556061,-1.9100952
2018-09-15 19:27:28,3521,-5.1389465,0.57766724,-2.0896912
2018-09-15 19:27:28,3531,-5.171936,-1.0044708,-1.9308624
2018-09-15 19:27:28,3541,-4.167053,-2.1443634,-1.1984406
2018-09-15 19:27:28,3551,-2.235489,-2.6287842,0.033676147
2018-09-15 19:27:28,3562,0.34727478,-2.0942688,1.4851074
2018-09-15 19:27:28,3571,2.2898407,-1.8987885,2.3500977
2018-09-15 19:27:28,3581,4.0882416,-1.4907379,3.0330505
2018-09-15 19:27:28,3591,5.251953,0.03704834,3.3751373
2018-09-15 19:27:28,3601,5.604416,1.1732635,3.0770416
2018-09-15 19:27:28,3612,5.2336273,1.8049011,2.3586578
2018-09-15 19:27:28,3621,4.009445,1.8061218,1.5553589
2018-09-15 19:27:28,3631,2.1334534,1.3565216,0.8308716
2018-09-15 19:27:28,3641,0.008239746,0.8440094,0.1479187
2018-09-15 19:27:28,3652,-2.6343842,0.80918884,-0.9186554
2018-09-15 19:27:28,3661,-3.7046204,0.9490814,-1.4073486
2018-09-15 19:27:28,3671,-5.0118866,0.83239746,-2.0481567
2018-09-15 19:27:28,3681,-5.6337433,0.39624023,-2.392685
2018-09-15 19:27:28,3691,-5.733322,-0.33374023,-2.4061127
2018-09-15 19:27:28,3702,-5.0558624,-1.2329407,-1.812973
2018-09-15 19:27:28,3711,-3.5061035,-1.8199921,-0.46966553
2018-09-15 19:27:28,3721,-1.2910767,-1.7851715,1.2285461
2018-09-15 19:27:28,3731,1.0949707,-1.3496246,2.670807
2018-09-15 19:27:28,3741,3.1206207,-0.8462677,3.5840607
2018-09-15 19:27:28,3751,4.94223,-0.08206177,3.8039856
2018-09-15 19:27:28,3761,5.2379,0.17266846,3.3830872
2018-09-15 19:27:28,3772,4.977051,0.56544495,2.586502
2018-09-15 19:27:28,3781,3.99234,1.0523071,1.7129669
2018-09-15 19:27:28,3791,2.3747559,1.1726532,0.7972717
2018-09-15 19:27:28,3801,0.44805908,1.0516968,0.03062439
2018-09-15 19:27:28,3811,-2.0467224,0.75177,-0.913147
2018-09-15 19:27:28,3821,-3.7626648,0.256958,-1.5380859
2018-09-15 19:27:28,3831,-4.7522736,-0.10038757,-1.8428955
2018-09-15 19:27:28,3842,-6.0503693,-0.8542023,-2.0493774
2018-09-15 19:27:28,3851,-5.863434,-0.94522095,-1.7011871
2018-09-15 19:27:28,3861,-5.2012634,-1.4064331,-0.86550903
2018-09-15 19:27:28,3871,-3.4083557,-1.5279999,0.4154663
2018-09-15 19:27:28,3881,-0.87690735,-1.3569489,1.9499817
2018-09-15 19:27:28,3891,2.1255188,-0.9763794,3.3195496
2018-09-15 19:27:28,3902,3.7681427,-0.72164917,3.6756897
2018-09-15 19:27:28,3911,4.5329437,-0.5145569,3.5834503
2018-09-15 19:27:28,3921,4.9452972,-0.207901,3.1393433
2018-09-15 19:27:28,3931,4.7675323,0.4053955,2.5797882
2018-09-15 19:27:28,3941,3.7070618,1.4005127,1.5639191
2018-09-15 19:27:28,3951,2.102295,1.370575,0.66593933
2018-09-15 19:27:28,3962,0.039382935,1.0828552,-0.2149353
2018-09-15 19:27:28,3971,-2.337494,0.98083496,-1.0909119
2018-09-15 19:27:28,3981,-4.5494537,0.95274353,-1.75737
2018-09-15 19:27:28,3991,-6.43277,0.37791443,-2.226532
2018-09-15 19:27:28,4001,-7.243393,-0.46202087,-2.2082062
2018-09-15 19:27:28,4011,-7.092514,-0.9397278,-1.6193237
2018-09-15 19:27:28,4022,-5.567169,-1.4168091,-0.24363708
2018-09-15 19:27:28,4031,-2.871399,-0.70025635,1.395935
2018-09-15 19:27:28,4041,-0.5378723,-0.59580994,2.701355
2018-09-15 19:27:28,4051,1.1322327,-0.36917114,3.2156982
2018-09-15 19:27:28,4061,3.5665588,-0.033813477,3.3549957
2018-09-15 19:27:28,4071,4.477356,0.35775757,3.0807037
2018-09-15 19:27:28,4082,4.590378,0.6185913,2.6989136
2018-09-15 19:27:28,4091,4.0919037,0.6894531,2.1271362
2018-09-15 19:27:28,4101,3.429718,0.52085876,1.4344025
2018-09-15 19:27:28,4111,2.0680847,0.2508545,0.38859558
2018-09-15 19:27:28,4121,0.26602173,0.25024414,-0.3108368
2018-09-15 19:27:28,4132,-1.7327423,0.8085785,-0.90948486
2018-09-15 19:27:28,4141,-3.1261292,1.1812134,-1.3053436
2018-09-15 19:27:29,4151,-4.61055,1.1353912,-1.7964783
2018-09-15 19:27:29,4161,-5.7834167,-0.06983948,-2.4104004
2018-09-15 19:27:29,4171,-5.28862,-0.35328674,-2.2552338
2018-09-15 19:27:29,4181,-4.245865,-0.91041565,-1.2454681
2018-09-15 19:27:29,4192,-2.4572296,-1.8450317,0.36904907
2018-09-15 19:27:29,4201,-0.007019043,-1.8493195,2.026947
2018-09-15 19:27:29,4211,2.336258,-1.2665405,3.3244476
2018-09-15 19:27:29,4221,4.450485,-0.46446228,4.12529
2018-09-15 19:27:29,4231,5.4626923,0.5819397,4.0275574
2018-09-15 19:27:29,4242,5.126114,0.8598938,3.237091
2018-09-15 19:27:29,4251,4.038147,0.94664,2.3629303
2018-09-15 19:27:29,4261,2.5659485,1.0156555,1.1833344
2018-09-15 19:27:29,4271,0.21531677,0.9802246,-0.229599
2018-09-15 19:27:29,4281,-1.7082977,0.9215851,-1.1440582
2018-09-15 19:27:29,4292,-2.7980957,1.3510284,-1.6626892
2018-09-15 19:27:29,4301,-4.1114655,1.7254944,-2.1709442
2018-09-15 19:27:29,4311,-5.132843,1.3039856,-2.6309204
2018-09-15 19:27:29,4321,-5.46698,0.6540222,-2.6547546
2018-09-15 19:27:29,4331,-5.251343,-0.2531128,-1.7628784
2018-09-15 19:27:29,4341,-4.171936,-1.5695343,-0.14590454
2018-09-15 19:27:29,4352,-1.2910767,-2.6385498,1.9750366
2018-09-15 19:27:29,4361,1.3460388,-2.4595795,3.3042755
2018-09-15 19:27:29,4371,3.0173798,-1.8175507,3.9945679
2018-09-15 19:27:29,4381,4.300827,-0.6037445,4.260895
2018-09-15 19:27:29,4391,4.765686,0.37486267,3.9133148
2018-09-15 19:27:29,4401,4.8084564,0.80796814,2.7019653
2018-09-15 19:27:29,4412,4.7693634,0.7144928,1.7685547
2018-09-15 19:27:29,4421,3.380844,0.70899963,0.13386536
2018-09-15 19:27:29,4431,1.7791443,0.62776184,-0.6248169
2018-09-15 19:27:29,4441,-0.6912079,1.0394745,-1.1929321
2018-09-15 19:27:29,4451,-2.4126282,1.555069,-1.4745483
2018-09-15 19:27:29,4462,-4.711334,2.120102,-1.8343506
2018-09-15 19:27:29,4471,-5.1316223,2.1720428,-1.899704
2018-09-15 19:27:29,4481,-5.8860474,1.7896271,-1.6339874
2018-09-15 19:27:29,4491,-6.005768,1.2661133,-0.87161255
2018-09-15 19:27:29,4501,-5.3503113,1.3265839,-0.001739502
2018-09-15 19:27:29,4511,-4.0063934,1.1585999,0.8834076
2018-09-15 19:27:29,4522,-1.2519836,0.8171234,1.4814453
2018-09-15 19:27:29,4531,-0.1053772,0.7108307,1.5498657
2018-09-15 19:27:29,4541,0.9416504,0.6821289,1.4221954
2018-09-15 19:27:29,4553,1.5928345,0.8971405,1.0715485
2018-09-15 19:27:29,4561,1.690567,0.9948883,0.9163971
2018-09-15 19:27:29,4571,1.6062775,1.190979,0.48451233
2018-09-15 19:27:29,4581,1.3662109,1.2795563,0.36965942
2018-09-15 19:27:29,4591,1.0760345,1.309494,0.28475952
2018-09-15 19:27:29,4602,0.8213043,1.2575684,0.10270691
2018-09-15 19:27:29,4611,0.51953125,1.1659393,-0.20820618
2018-09-15 19:27:29,4622,0.11880493,1.112793,-0.5203705
2018-09-15 19:27:29,4631,-0.32650757,1.0944519,-0.67552185
2018-09-15 19:27:29,4641,-0.7645111,1.0688019,-0.6639252
2018-09-15 19:27:29,4651,-1.0338898,1.1317291,-0.5814514
2018-09-15 19:27:29,4661,-1.2568665,1.2972717,-0.29006958
2018-09-15 19:27:29,4672,-1.210434,1.2697754,-0.18865967
2018-09-15 19:27:29,4681,-1.0864258,1.1201172,-0.12696838
2018-09-15 19:27:29,4691,-0.8958435,0.88371277,-0.07260132
2018-09-15 19:27:29,4701,-0.7070923,0.68395996,-0.034729004
2018-09-15 19:27:29,4711,-0.4376831,0.53674316,0.033081055
2018-09-15 19:27:29,4721,-0.28741455,0.5397949,0.08255005
2018-09-15 19:27:29,4731,-0.18112183,0.53489685,0.092941284
2018-09-15 19:27:29,4742,-0.06628418,0.51657104,0.056289673
2018-09-15 19:27:29,4751,0.0051727295,0.5080261,-0.002960205
2018-09-15 19:27:29,4761,0.021057129,0.4713745,-0.07809448
2018-09-15 19:27:29,4771,0.0015106201,0.46525574,-0.14712524
2018-09-15 19:27:29,4781,-0.06750488,0.5556793,-0.2137146
2018-09-15 19:27:29,4791,-0.10354614,0.62654114,-0.23265076
2018-09-15 19:27:29,4802,-0.14753723,0.71694946,-0.27113342
2018-09-15 19:27:29,4811,-0.17440796,0.81285095,-0.29006958
2018-09-15 19:27:29,4821,-0.18907166,0.97961426,-0.32305908
2018-09-15 19:27:29,4831,-0.19578552,1.1854858,-0.36276245
2018-09-15 19:27:29,4841,-0.21655273,1.7975769,-0.45256042
2018-09-15 19:27:29,4852,-0.23121643,2.190979,-0.4910431
2018-09-15 19:27:29,4861,-0.24526978,2.7083893,-0.5509186
2018-09-15 19:27:29,4871,-0.24771118,3.1732483,-0.6217804
2018-09-15 19:27:29,4881,-0.2232666,3.618576,-0.6669769
2018-09-15 19:27:29,4891,-0.21350098,3.9374542,-0.70362854
2018-09-15 19:27:29,4902,-0.28375244,4.33696,-0.80197144
2018-09-15 19:27:29,4911,-0.37294006,4.7517395,-0.81663513
2018-09-15 19:27:29,4921,-0.5061035,5.0278625,-0.82214355
2018-09-15 19:27:29,4931,-0.7406769,5.406601,-0.7909851
2018-09-15 19:27:29,4941,-0.92700195,5.958206,-0.71095276
2018-09-15 19:27:29,4951,-0.9086609,7.3180084,-0.6266632
2018-09-15 19:27:29,4962,-0.85736084,7.8183136,-0.47210693
2018-09-15 19:27:29,4971,-1.2348785,6.97287,-0.48738098
2018-09-15 19:27:29,4981,-1.773056,5.537323,-0.5832825
2018-09-15 19:27:29,4991,-2.0907135,4.255707,-0.6230011
2018-09-15 19:27:29,5001,-1.8891144,4.130478,-0.5851288
2018-09-15 19:27:29,5012,-1.6221771,4.087723,-0.51486206
2018-09-15 19:27:29,5021,-1.3992004,3.677826,-0.48310852
2018-09-15 19:27:29,5031,-1.2116547,2.980835,-0.44828796
2018-09-15 19:27:29,5041,-0.9593811,2.3461304,-0.31878662
2018-09-15 19:27:29,5051,-0.5971222,1.7658081,-0.14468384
2018-09-15 19:27:29,5061,-0.3515625,1.4286041,-0.09275818
2018-09-15 19:27:29,5071,-0.21350098,1.2612305,-0.10374451
2018-09-15 19:27:29,5082,-0.06750488,1.1500549,-0.11659241
2018-09-15 19:27:29,5091,0.05770874,1.1347809,-0.07626343
2018-09-15 19:27:29,5101,0.17622375,1.1030121,0.009262085
2018-09-15 19:27:29,5111,0.2562561,1.0785675,0.09233093
2018-09-15 19:27:29,5121,0.3216095,1.085907,0.1638031
2018-09-15 19:27:29,5131,0.39796448,1.0712433,0.23222351
2018-09-15 19:27:29,5142,0.44256592,1.0290985,0.25909424
2018-09-15 19:27:30,5151,0.45906067,0.92463684,0.2670288
2018-09-15 19:27:30,5161,0.46211243,0.82141113,0.26031494
2018-09-15 19:27:30,5171,0.4541626,0.68640137,0.23710632
2018-09-15 19:27:30,5181,0.41629028,0.5422363,0.20350647
2018-09-15 19:27:30,5192,0.39674377,0.49397278,0.19250488
2018-09-15 19:27:30,5201,0.36314392,0.45243835,0.15953064
2018-09-15 19:27:30,5211,0.34910583,0.45487976,0.12225342
2018-09-15 19:27:30,5221,0.34544373,0.5245209,0.116760254
2018-09-15 19:27:30,5231,0.3063507,0.60209656,0.124694824
2018-09-15 19:27:30,5241,0.2403717,0.64486694,0.13630676
2018-09-15 19:27:30,5251,0.18293762,0.65341187,0.15097046
2018-09-15 19:27:30,5261,0.16033936,0.6234741,0.16441345
2018-09-15 19:27:30,5271,0.34054565,0.3870697,0.048339844
2018-09-15 19:27:30,5281,0.38819885,0.15982056,-0.021896362
2018-09-15 19:27:30,5291,0.39369202,-0.045410156,-0.04144287
2018-09-15 19:27:30,5301,0.35154724,-0.1590271,-0.022506714
2018-09-15 19:27:30,5311,0.2904663,-0.096725464,0.002532959
2018-09-15 19:27:30,5322,0.18171692,0.066986084,0.0068206787
2018-09-15 19:27:30,5331,0.041229248,0.22091675,-0.020065308
2018-09-15 19:27:30,5341,-0.076660156,0.34980774,-0.045715332
2018-09-15 19:27:30,5351,-0.08522034,0.39257812,-0.052444458
2018-09-15 19:27:30,5361,-0.024124146,0.35713196,-0.05366516
2018-09-15 19:27:30,5371,0.019836426,0.2899475,-0.042053223
2018-09-15 19:27:30,5381,0.019836426,0.2899475,-0.042053223
2018-09-15 19:27:30,5392,0.019836426,0.2899475,-0.042053223
2018-09-15 19:27:30,5401,0.019836426,0.2899475,-0.042053223
2018-09-15 19:27:30,5415,0.019836426,0.2899475,-0.042053223
2018-09-15 19:27:30,5423,0.019836426,0.2899475,-0.042053223
2018-09-15 19:27:30,5431,0.019836426,0.2899475,-0.042053223
2018-09-15 19:27:30,5442,0.019836426,0.2899475,-0.042053223
2018-09-15 19:27:30,5451,0.019836426,0.2899475,-0.042053223
2018-09-15 19:27:30,5461,0.019836426,0.2899475,-0.042053223
2018-09-15 19:27:30,5471,0.019836426,0.2899475,-0.042053223
